-- MySQL dump 10.13  Distrib 8.0.40, for Win64 (x86_64)
--
-- Host: 127.0.0.1    Database: ok
-- ------------------------------------------------------
-- Server version	8.0.40

/*!40101 SET @OLD_CHARACTER_SET_CLIENT=@@CHARACTER_SET_CLIENT */;
/*!40101 SET @OLD_CHARACTER_SET_RESULTS=@@CHARACTER_SET_RESULTS */;
/*!40101 SET @OLD_COLLATION_CONNECTION=@@COLLATION_CONNECTION */;
/*!50503 SET NAMES utf8 */;
/*!40103 SET @OLD_TIME_ZONE=@@TIME_ZONE */;
/*!40103 SET TIME_ZONE='+00:00' */;
/*!40014 SET @OLD_UNIQUE_CHECKS=@@UNIQUE_CHECKS, UNIQUE_CHECKS=0 */;
/*!40014 SET @OLD_FOREIGN_KEY_CHECKS=@@FOREIGN_KEY_CHECKS, FOREIGN_KEY_CHECKS=0 */;
/*!40101 SET @OLD_SQL_MODE=@@SQL_MODE, SQL_MODE='NO_AUTO_VALUE_ON_ZERO' */;
/*!40111 SET @OLD_SQL_NOTES=@@SQL_NOTES, SQL_NOTES=0 */;

--
-- Table structure for table `actions`
--

DROP TABLE IF EXISTS `actions`;
/*!40101 SET @saved_cs_client     = @@character_set_client */;
/*!50503 SET character_set_client = utf8mb4 */;
CREATE TABLE `actions` (
  `id` int NOT NULL AUTO_INCREMENT,
  `name` varchar(45) DEFAULT NULL,
  PRIMARY KEY (`id`)
) ENGINE=InnoDB AUTO_INCREMENT=3 DEFAULT CHARSET=utf8mb4 COLLATE=utf8mb4_0900_ai_ci;
/*!40101 SET character_set_client = @saved_cs_client */;

--
-- Dumping data for table `actions`
--

LOCK TABLES `actions` WRITE;
/*!40000 ALTER TABLE `actions` DISABLE KEYS */;
INSERT INTO `actions` VALUES (1,'Премия'),(2,'Штраф');
/*!40000 ALTER TABLE `actions` ENABLE KEYS */;
UNLOCK TABLES;

--
-- Table structure for table `education`
--

DROP TABLE IF EXISTS `education`;
/*!40101 SET @saved_cs_client     = @@character_set_client */;
/*!50503 SET character_set_client = utf8mb4 */;
CREATE TABLE `education` (
  `id` int NOT NULL,
  `name` varchar(45) DEFAULT NULL,
  PRIMARY KEY (`id`)
) ENGINE=InnoDB DEFAULT CHARSET=utf8mb4 COLLATE=utf8mb4_0900_ai_ci;
/*!40101 SET character_set_client = @saved_cs_client */;

--
-- Dumping data for table `education`
--

LOCK TABLES `education` WRITE;
/*!40000 ALTER TABLE `education` DISABLE KEYS */;
INSERT INTO `education` VALUES (1,'Среднее профессиональное'),(2,'Высшее '),(3,'Дополнительное профессиональное');
/*!40000 ALTER TABLE `education` ENABLE KEYS */;
UNLOCK TABLES;

--
-- Table structure for table `gender`
--

DROP TABLE IF EXISTS `gender`;
/*!40101 SET @saved_cs_client     = @@character_set_client */;
/*!50503 SET character_set_client = utf8mb4 */;
CREATE TABLE `gender` (
  `id` int NOT NULL,
  `name` varchar(45) DEFAULT NULL,
  PRIMARY KEY (`id`)
) ENGINE=InnoDB DEFAULT CHARSET=utf8mb4 COLLATE=utf8mb4_0900_ai_ci;
/*!40101 SET character_set_client = @saved_cs_client */;

--
-- Dumping data for table `gender`
--

LOCK TABLES `gender` WRITE;
/*!40000 ALTER TABLE `gender` DISABLE KEYS */;
INSERT INTO `gender` VALUES (1,'М'),(2,'Ж');
/*!40000 ALTER TABLE `gender` ENABLE KEYS */;
UNLOCK TABLES;

--
-- Table structure for table `list`
--

DROP TABLE IF EXISTS `list`;
/*!40101 SET @saved_cs_client     = @@character_set_client */;
/*!50503 SET character_set_client = utf8mb4 */;
CREATE TABLE `list` (
  `id` int NOT NULL AUTO_INCREMENT,
  `workers_id` int DEFAULT NULL,
  `actions_id` int DEFAULT NULL,
  `sum` decimal(10,0) DEFAULT NULL,
  `date` date DEFAULT NULL,
  PRIMARY KEY (`id`),
  KEY `fk_st_actions_idx` (`actions_id`),
  CONSTRAINT `fk_l_actions` FOREIGN KEY (`actions_id`) REFERENCES `actions` (`id`)
) ENGINE=InnoDB AUTO_INCREMENT=6 DEFAULT CHARSET=utf8mb4 COLLATE=utf8mb4_0900_ai_ci;
/*!40101 SET character_set_client = @saved_cs_client */;

--
-- Dumping data for table `list`
--

LOCK TABLES `list` WRITE;
/*!40000 ALTER TABLE `list` DISABLE KEYS */;
INSERT INTO `list` VALUES (1,11,1,4,'2024-12-30'),(2,12,1,8,'2025-01-16'),(3,11,1,39,'2025-01-09'),(4,12,2,3,'2025-01-15'),(5,12,1,6,'2025-01-10');
/*!40000 ALTER TABLE `list` ENABLE KEYS */;
UNLOCK TABLES;

--
-- Table structure for table `position`
--

DROP TABLE IF EXISTS `position`;
/*!40101 SET @saved_cs_client     = @@character_set_client */;
/*!50503 SET character_set_client = utf8mb4 */;
CREATE TABLE `position` (
  `id` int NOT NULL,
  `name` varchar(45) DEFAULT NULL,
  PRIMARY KEY (`id`)
) ENGINE=InnoDB DEFAULT CHARSET=utf8mb4 COLLATE=utf8mb4_0900_ai_ci;
/*!40101 SET character_set_client = @saved_cs_client */;

--
-- Dumping data for table `position`
--

LOCK TABLES `position` WRITE;
/*!40000 ALTER TABLE `position` DISABLE KEYS */;
INSERT INTO `position` VALUES (1,'555'),(2,'klkk');
/*!40000 ALTER TABLE `position` ENABLE KEYS */;
UNLOCK TABLES;

--
-- Table structure for table `prof`
--

DROP TABLE IF EXISTS `prof`;
/*!40101 SET @saved_cs_client     = @@character_set_client */;
/*!50503 SET character_set_client = utf8mb4 */;
CREATE TABLE `prof` (
  `id` int NOT NULL,
  `name` varchar(45) DEFAULT NULL,
  PRIMARY KEY (`id`)
) ENGINE=InnoDB DEFAULT CHARSET=utf8mb4 COLLATE=utf8mb4_0900_ai_ci;
/*!40101 SET character_set_client = @saved_cs_client */;

--
-- Dumping data for table `prof`
--

LOCK TABLES `prof` WRITE;
/*!40000 ALTER TABLE `prof` DISABLE KEYS */;
INSERT INTO `prof` VALUES (1,'Инженер'),(2,'Менеджер');
/*!40000 ALTER TABLE `prof` ENABLE KEYS */;
UNLOCK TABLES;

--
-- Table structure for table `workers`
--

DROP TABLE IF EXISTS `workers`;
/*!40101 SET @saved_cs_client     = @@character_set_client */;
/*!50503 SET character_set_client = utf8mb4 */;
CREATE TABLE `workers` (
  `id` int unsigned NOT NULL AUTO_INCREMENT,
  `name` varchar(45) DEFAULT NULL,
  `fam` varchar(45) DEFAULT NULL,
  `otch` varchar(45) DEFAULT NULL,
  `gender_id` int DEFAULT NULL,
  `prof_id` int DEFAULT NULL,
  `position_id` int DEFAULT NULL,
  `salary` decimal(10,0) DEFAULT NULL,
  `education_id` int DEFAULT NULL,
  `date_r` date DEFAULT NULL,
  `date_hired` date DEFAULT NULL,
  `date_fired` date DEFAULT NULL,
  PRIMARY KEY (`id`),
  KEY `fk_st_gender_idx` (`gender_id`),
  KEY `fk_st_prof_idx` (`prof_id`),
  KEY `fk_st_education_idx` (`education_id`),
  KEY `fk_w_position_idx` (`position_id`),
  CONSTRAINT `fk_w_education` FOREIGN KEY (`education_id`) REFERENCES `education` (`id`),
  CONSTRAINT `fk_w_gender` FOREIGN KEY (`gender_id`) REFERENCES `gender` (`id`),
  CONSTRAINT `fk_w_position` FOREIGN KEY (`position_id`) REFERENCES `position` (`id`),
  CONSTRAINT `fk_w_prof` FOREIGN KEY (`prof_id`) REFERENCES `prof` (`id`)
) ENGINE=InnoDB AUTO_INCREMENT=13 DEFAULT CHARSET=utf8mb4 COLLATE=utf8mb4_0900_ai_ci;
/*!40101 SET character_set_client = @saved_cs_client */;

--
-- Dumping data for table `workers`
--

LOCK TABLES `workers` WRITE;
/*!40000 ALTER TABLE `workers` DISABLE KEYS */;
INSERT INTO `workers` VALUES (11,'Иван','Иванов','Иванович',2,2,1,13,3,'2024-12-30','2025-01-06','2025-01-06'),(12,'ААА','ААА','АА',1,1,1,7,1,'2025-01-06','2025-01-06','2025-01-06');
/*!40000 ALTER TABLE `workers` ENABLE KEYS */;
UNLOCK TABLES;
/*!40103 SET TIME_ZONE=@OLD_TIME_ZONE */;

/*!40101 SET SQL_MODE=@OLD_SQL_MODE */;
/*!40014 SET FOREIGN_KEY_CHECKS=@OLD_FOREIGN_KEY_CHECKS */;
/*!40014 SET UNIQUE_CHECKS=@OLD_UNIQUE_CHECKS */;
/*!40101 SET CHARACTER_SET_CLIENT=@OLD_CHARACTER_SET_CLIENT */;
/*!40101 SET CHARACTER_SET_RESULTS=@OLD_CHARACTER_SET_RESULTS */;
/*!40101 SET COLLATION_CONNECTION=@OLD_COLLATION_CONNECTION */;
/*!40111 SET SQL_NOTES=@OLD_SQL_NOTES */;

-- Dump completed on 2025-01-23 14:14:27
